,semantic_online,semantic_offline,perceptual_online,perceptual_offline,delta_SEM,delta_PERC
0,0.4864864864864865,0.16216216216216217,0.475,0.1,0.32432432432432434,0.375
1,0.2631578947368421,0.10526315789473684,0.40384615384615385,0.09615384615384616,0.15789473684210525,0.3076923076923077
2,0.275,0.275,0.37777777777777777,0.1111111111111111,0.0,0.26666666666666666
3,0.3488372093023256,0.13953488372093023,0.44680851063829785,0.23404255319148937,0.20930232558139536,0.21276595744680848
4,0.6,0.025,0.4186046511627907,0.09302325581395349,0.575,0.32558139534883723
5,0.3877551020408163,0.12244897959183673,0.3333333333333333,0.08333333333333333,0.26530612244897955,0.25
